"rho","r2","N","k","model",".Rep","er2","aer2","bias","rmse","abias","armse","power","n_ok","n_fail","model_label","power_adjr2","power_gap"
0.3,0.03,30,3,"gaussian",1000,0.123312972124171,0.0221567766000374,0.0933129721241715,0.128074638790881,-0.00784322339996262,0.0981617633289062,0.085,1000,0,"Gaussian",0.0869693581904721,0.00196935819047206
0.3,0.06,30,3,"gaussian",1000,0.1569350912824,0.0596583710457544,0.0969350912824005,0.139669810677203,-0.000341628954245623,0.112157665718792,0.173,1000,0,"Gaussian",0.164088589553048,0.00891141044695237
0.3,0.09,30,3,"gaussian",1000,0.181252451780758,0.0867815808323835,0.0912524517807577,0.142144377286382,-0.00321841916761645,0.121604241960843,0.233,1000,0,"Gaussian",0.229817660322963,0.00318233967703688
0.3,0.12,30,3,"gaussian",1000,0.207513346409194,0.116072578687178,0.0875133464091944,0.146385758425002,-0.00392742131282163,0.130945407425215,0.328,1000,0,"Gaussian",0.308148553745245,0.0198514462547554
0.3,0.15,30,3,"gaussian",1000,0.229481365715605,0.140575369452021,0.079481365715605,0.145593798768896,-0.00942463054797901,0.136385879676917,0.384,1000,0,"Gaussian",0.377803029335532,0.006196970664468
0.3,0.18,30,3,"gaussian",1000,0.262750595019387,0.177683355983163,0.0827505950193874,0.149603493924993,-0.00231664401683718,0.139033747337163,0.505,1000,0,"Gaussian",0.486609808543563,0.0183901914564367
0.3,0.21,30,3,"gaussian",1000,0.281177258791641,0.198236173267599,0.0711772587916408,0.144605141159056,-0.0117638267324006,0.140890700046267,0.558,1000,0,"Gaussian",0.546687828073444,0.0113121719265563
0.3,0.24,30,3,"gaussian",1000,0.312025720527266,0.232644072895797,0.0720257205272662,0.150732182260619,-0.00735592710420306,0.147871481632675,0.656,1000,0,"Gaussian",0.643588309988396,0.0124116900116038
0.3,0.27,30,3,"gaussian",1000,0.328325848186826,0.250824984516075,0.0583258481868256,0.144956860269918,-0.0191750154839254,0.149253844269082,0.689,1000,0,"Gaussian",0.691671673979025,0.00267167397902479
0.3,0.3,30,3,"gaussian",1000,0.356302388422929,0.282029587087113,0.0563023884229289,0.145011673476043,-0.017970412912887,0.150134265593402,0.76,1000,0,"Gaussian",0.767180205249026,0.00718020524902618
0.3,0.03,60,3,"gaussian",1000,0.0788496399502857,0.0295022992333367,0.0488496399502857,0.0735848119920406,-0.000497700766663283,0.0579814768896062,0.174,1000,0,"Gaussian",0.168632183669483,0.00536781633051739
0.3,0.06,60,3,"gaussian",1000,0.108482636437226,0.0607227776749345,0.048482636437226,0.082948845312654,0.000722777674934505,0.0709141666353279,0.335,1000,0,"Gaussian",0.326679666582237,0.00832033341776267
0.3,0.09,60,3,"gaussian",1000,0.135259730536723,0.088934358958333,0.0452597305367228,0.08628460440097,-0.00106564104166703,0.077404257283298,0.493,1000,0,"Gaussian",0.47717234476231,0.0158276552376903
0.3,0.12,60,3,"gaussian",1000,0.160416844901153,0.115439175878001,0.0404168449011533,0.0903978311212006,-0.00456082412199923,0.0853131768807633,0.607,1000,0,"Gaussian",0.609943499487103,0.0029434994871026
0.3,0.15,60,3,"gaussian",1000,0.185495369962518,0.141861193353367,0.0354953699625176,0.0910998087706772,-0.00813880664663332,0.0887688107103571,0.729,1000,0,"Gaussian",0.724373427097319,0.00462657290268098
0.3,0.18,60,3,"gaussian",1000,0.214719979996443,0.172651407496252,0.0347199799964429,0.0955128677766958,-0.00734859250374763,0.0940331276510921,0.831,1000,0,"Gaussian",0.829046267740233,0.00195373225976736
0.3,0.21,60,3,"gaussian",1000,0.243879764122736,0.203373322915026,0.0338797641227362,0.101133286692514,-0.00662667708497435,0.100612838572789,0.877,1000,0,"Gaussian",0.902359633483466,0.0253596334834657
0.3,0.24,60,3,"gaussian",1000,0.272063427471147,0.233066825371387,0.0320634274711472,0.1014655495977,-0.00693317462861275,0.101660084937712,0.937,1000,0,"Gaussian",0.947850281474499,0.0108502814744986
0.3,0.27,60,3,"gaussian",1000,0.300901501092984,0.263449795794394,0.0309015010929837,0.10191687795201,-0.00655020420560645,0.102531502092803,0.96,1000,0,"Gaussian",0.975053295928621,0.015053295928621
0.3,0.3,60,3,"gaussian",1000,0.327409705201082,0.291378082265426,0.0274097052010822,0.100041688424946,-0.00862191773457412,0.101733859884102,0.988,1000,0,"Gaussian",0.988472216812371,0.000472216812371196
0.3,0.03,90,3,"gaussian",1000,0.0599788096816343,0.0271873728100633,0.0299788096816343,0.0520838423630834,-0.0028126271899367,0.0441664335898768,0.238,1000,0,"Gaussian",0.22511651594857,0.0128834840514302
0.3,0.06,90,3,"gaussian",1000,0.0911614357164396,0.0594577648693386,0.0311614357164396,0.0625810239841191,-0.000542235130661394,0.0561668685631541,0.47,1000,0,"Gaussian",0.475108254930037,0.00510825493003703
0.3,0.09,90,3,"gaussian",1000,0.118829415872445,0.0880909071238098,0.0288294158724454,0.06669335408051,-0.00190909287619024,0.0622675984235844,0.651,1000,0,"Gaussian",0.672502896153085,0.0215028961530848
0.3,0.12,90,3,"gaussian",1000,0.148248493802614,0.118536231958519,0.0282484938026143,0.0714586547279056,-0.00146376804148057,0.0679435844988063,0.827,1000,0,"Gaussian",0.825136928116232,0.00186307188376789
0.3,0.15,90,3,"gaussian",1000,0.174796615558101,0.146010450984546,0.0247966155581007,0.0744500278812859,-0.00398954901545395,0.0727575224244787,0.904,1000,0,"Gaussian",0.911198398377806,0.00719839837780645
0.3,0.18,90,3,"gaussian",1000,0.203688648989872,0.175910346047659,0.0236886489898724,0.0739512295233465,-0.00408965395234141,0.0726135142015009,0.968,1000,0,"Gaussian",0.962444680002226,0.00555531999777348
0.3,0.21,90,3,"gaussian",1000,0.23515367678332,0.208472991089715,0.0251536767833204,0.081829599378543,-0.00152700891028471,0.0805984629097642,0.972,1000,0,"Gaussian",0.987380870332151,0.0153808703321509
0.3,0.24,90,3,"gaussian",1000,0.260543380468878,0.234748382113141,0.020543380468878,0.0777443375240294,-0.00525161788685884,0.0777741319897285,0.996,1000,0,"Gaussian",0.99537888282676,0.000621117173239538
0.3,0.27,90,3,"gaussian",1000,0.29322523895461,0.268570305429771,0.0232252389546103,0.0843280744926425,-0.00142969457022895,0.0839068057932693,0.998,1000,0,"Gaussian",0.998939064447259,0.000939064447258664
0.3,0.3,90,3,"gaussian",1000,0.317150656571555,0.293330330638005,0.0171506565715554,0.0807441918073766,-0.00666966936199508,0.0819260360422007,1,1000,0,"Gaussian",0.999685711270509,0.000314288729490575
0.3,0.03,120,3,"gaussian",1000,0.0533793523695477,0.0288977838963463,0.0233793523695477,0.0417187134286093,-0.00110221610365374,0.0354629601287052,0.321,1000,0,"Gaussian",0.312696715476406,0.00830328452359408
0.3,0.06,120,3,"gaussian",1000,0.0830922550991997,0.0593791237655582,0.0230922550991997,0.0485101432378144,-0.000620876234441819,0.0437689560585212,0.62,1000,0,"Gaussian",0.611332846036309,0.00866715396369055
0.3,0.09,120,3,"gaussian",1000,0.111047160547007,0.0880570009059811,0.0210471605470069,0.0542166944148955,-0.00194299909401889,0.0512936603088867,0.81,1000,0,"Gaussian",0.81175205445384,0.00175205445383986
0.3,0.12,120,3,"gaussian",1000,0.138917776930462,0.116648409092457,0.0189177769304624,0.0606484222400245,-0.00335159090754302,0.0592076429447717,0.924,1000,0,"Gaussian",0.922855413493736,0.00114458650626359
0.3,0.15,120,3,"gaussian",1000,0.167819498994227,0.146297589485456,0.0178194989942266,0.0627629380530927,-0.00370241051454353,0.0618474643101313,0.976,1000,0,"Gaussian",0.974298821442661,0.00170117855733931
0.3,0.18,120,3,"gaussian",1000,0.197539672520878,0.176786388189522,0.0175396725208784,0.0645340316480448,-0.00321361181047824,0.0637919135156664,0.991,1000,0,"Gaussian",0.993114394638861,0.00211439463886065
0.3,0.21,120,3,"gaussian",1000,0.22931116180839,0.209379553924125,0.0193111618083905,0.0686764659133746,-0.000620446075875383,0.0676128077201253,0.997,1000,0,"Gaussian",0.998646037563756,0.00164603756375614
0.3,0.24,120,3,"gaussian",1000,0.257864886418399,0.23867173692922,0.0178648864183994,0.0702081684562378,-0.00132826307078005,0.0696658482234804,1,1000,0,"Gaussian",0.999744372674235,0.000255627325764562
0.3,0.27,120,3,"gaussian",1000,0.283236634193522,0.264699650595079,0.0132366341935221,0.0702575881433566,-0.00530034940492139,0.0709820592091552,0.999,1000,0,"Gaussian",0.999951284993248,0.000951284993248258
0.3,0.3,120,3,"gaussian",1000,0.31547207646652,0.297768768099274,0.0154720764665197,0.0704552368052308,-0.00223123190072551,0.0705483322886548,0.999,1000,0,"Gaussian",0.999995441924124,0.000995441924123597
0.3,0.03,30,5,"gaussian",1000,0.195293579232572,0.0276464082393579,0.165293579232572,0.19515198087444,-0.00235359176064215,0.125376577164527,0.081,1000,0,"Gaussian",0.0823008843149788,0.00130088431497878
0.3,0.06,30,5,"gaussian",1000,0.219652014583037,0.0570795176211697,0.159652014583037,0.193334634097622,-0.00292048237883026,0.1317878854474,0.122,1000,0,"Gaussian",0.12470445537928,0.00270445537927981
0.3,0.09,30,5,"gaussian",1000,0.242346356049939,0.0845018468936768,0.152346356049939,0.191309927761807,-0.00549815310632319,0.139930950441442,0.176,1000,0,"Gaussian",0.171601521693972,0.0043984783060276
0.3,0.12,30,5,"gaussian",1000,0.26975748289285,0.117623625162193,0.14975748289285,0.192718362484869,-0.00237637483780655,0.146586976537166,0.254,1000,0,"Gaussian",0.237251192977571,0.0167488070224289
0.3,0.15,30,5,"gaussian",1000,0.288825369630336,0.140663988303322,0.138825369630336,0.185694636536588,-0.00933601169667774,0.149314563764534,0.298,1000,0,"Gaussian",0.288156136478906,0.00984386352109368
0.3,0.18,30,5,"gaussian",1000,0.317915734500783,0.175814845855112,0.137915734500783,0.19092673151682,-0.00418515414488762,0.159592718778548,0.391,1000,0,"Gaussian",0.372589633331711,0.0184103666682885
0.3,0.21,30,5,"gaussian",1000,0.3339970012932,0.195246376562616,0.1239970012932,0.182666780275971,-0.0147536234373836,0.162748540455308,0.443,1000,0,"Gaussian",0.421905465524803,0.0210945344751971
0.3,0.24,30,5,"gaussian",1000,0.35827953634352,0.224587773081754,0.11827953634352,0.176409662495968,-0.0154122269182464,0.158899320289418,0.491,1000,0,"Gaussian",0.498405465635514,0.0074054656355142
0.3,0.27,30,5,"gaussian",1000,0.384813952535743,0.256650192647356,0.114813952535743,0.177893366709432,-0.0133498073526436,0.164732075351855,0.587,1000,0,"Gaussian",0.582483133033035,0.00451686696696474
0.3,0.3,30,5,"gaussian",1000,0.404772726357751,0.280767044348949,0.104772726357751,0.167180482771001,-0.0192329556510505,0.158588114481777,0.653,1000,0,"Gaussian",0.644265104669754,0.00873489533024563
0.3,0.03,60,5,"gaussian",1000,0.111581816350409,0.0293208734198909,0.0815818163504086,0.102700945807404,-0.000679126580109053,0.0681648008176571,0.145,1000,0,"Gaussian",0.135089473764369,0.00991052623563121
0.3,0.06,60,5,"gaussian",1000,0.137994887719419,0.0581795995452913,0.0779948877194191,0.105604608513678,-0.00182040045470868,0.0778115174284359,0.256,1000,0,"Gaussian",0.246630200631364,0.00936979936863608
0.3,0.09,60,5,"gaussian",1000,0.165960888092204,0.0887350443970374,0.0759608880922037,0.107531065943654,-0.00126495560296255,0.0831678583645954,0.388,1000,0,"Gaussian",0.382906700752336,0.00509329924766377
0.3,0.12,60,5,"gaussian",1000,0.191058678356614,0.116156704130374,0.0710586783566136,0.10958996232924,-0.00384329586962585,0.0912363720621161,0.5,1000,0,"Gaussian",0.509221745201149,0.0092217452011486
0.3,0.15,60,5,"gaussian",1000,0.217341418495853,0.144873031319543,0.0673414184958527,0.111596385116056,-0.00512696868045717,0.0973628496392571,0.63,1000,0,"Gaussian",0.634242526429802,0.00424252642980183
0.3,0.18,60,5,"gaussian",1000,0.240818469348123,0.170523883176653,0.0608184693481231,0.109230652919148,-0.00947611682334694,0.0995859114017474,0.716,1000,0,"Gaussian",0.732481656659578,0.0164816566595778
0.3,0.21,60,5,"gaussian",1000,0.2696953313342,0.202074528679959,0.0596953313341997,0.111803523375935,-0.00792547132004106,0.103589724025816,0.817,1000,0,"Gaussian",0.830247580648732,0.0132475806487318
0.3,0.24,60,5,"gaussian",1000,0.302058458841712,0.237434242067797,0.0620584588417122,0.114013234777266,-0.0025657579322033,0.104531365991746,0.899,1000,0,"Gaussian",0.907816332213862,0.00881633221386213
0.3,0.27,60,5,"gaussian",1000,0.327843775687594,0.26560708825126,0.057843775687594,0.113365355822465,-0.00439291174873984,0.10661580431174,0.924,1000,0,"Gaussian",0.947921213768318,0.0239212137683179
0.3,0.3,60,5,"gaussian",1000,0.35000614021434,0.289821523567519,0.0500061402143396,0.110623086176402,-0.0101784764324808,0.108291519942582,0.956,1000,0,"Gaussian",0.970170588097353,0.0141705880973526
0.3,0.03,90,5,"gaussian",1000,0.0826930583337317,0.0280914546631205,0.0526930583337317,0.0688883601446731,-0.00190854533687952,0.0470539824248737,0.193,1000,0,"Gaussian",0.184963831638832,0.0080361683611683
0.3,0.06,90,5,"gaussian",1000,0.110573209644496,0.0576311387900014,0.0505732096444957,0.0752783942922416,-0.00236886120999862,0.0591266103437466,0.38,1000,0,"Gaussian",0.373884143560058,0.00611585643994184
0.3,0.09,90,5,"gaussian",1000,0.140408406992075,0.0892422407416028,0.0504084069920745,0.080597205346014,-0.000757759258397245,0.0666356543541224,0.569,1000,0,"Gaussian",0.580477662642051,0.0114776626420506
0.3,0.12,90,5,"gaussian",1000,0.162677430729807,0.112836801606582,0.0426774307298073,0.079370392372431,-0.00716319839341842,0.0712643316727544,0.718,1000,0,"Gaussian",0.712965807369183,0.00503419263081706
0.3,0.15,90,5,"gaussian",1000,0.194392935366254,0.146440133899959,0.0443929353662535,0.0828393663383796,-0.00355986610004093,0.0741887367124185,0.85,1000,0,"Gaussian",0.852007379159013,0.00200737915901306
0.3,0.18,90,5,"gaussian",1000,0.224379773617382,0.178211902999369,0.044379773617382,0.0856868186605229,-0.00178809700063102,0.0776820626024849,0.93,1000,0,"Gaussian",0.931033297261613,0.0010332972616125
0.3,0.21,90,5,"gaussian",1000,0.253264875692881,0.208816356388885,0.0432648756928806,0.0891587821431114,-0.00118364361111462,0.0826067641994525,0.958,1000,0,"Gaussian",0.971091470799427,0.013091470799427
0.3,0.24,90,5,"gaussian",1000,0.282577956389893,0.239874263317862,0.0425779563898925,0.0900756272419625,-0.000125736682137687,0.0841021031170641,0.987,1000,0,"Gaussian",0.989652144427853,0.00265214442785322
0.3,0.27,90,5,"gaussian",1000,0.303595849672935,0.262143221677277,0.0335958496729354,0.0853888528655342,-0.00785677832272326,0.0835450684055814,0.998,1000,0,"Gaussian",0.995505879340414,0.00249412065958565
0.3,0.3,90,5,"gaussian",1000,0.332758410316536,0.293041649025854,0.0327584103165359,0.0844516835815206,-0.00695835097414649,0.0827657288462035,0.998,1000,0,"Gaussian",0.998781039201402,0.000781039201401934
0.3,0.03,120,5,"gaussian",1000,0.0691951033074926,0.0283703271367686,0.0391951033074925,0.0546238046985901,-0.00162967286323138,0.039748186072053,0.237,1000,0,"Gaussian",0.245609068480381,0.00860906848038132
0.3,0.06,120,5,"gaussian",1000,0.0991956814000253,0.0596867200579213,0.0391956814000253,0.0593092909311235,-0.000313279942078743,0.0464650132703777,0.532,1000,0,"Gaussian",0.517555967166276,0.014444032833724
0.3,0.09,120,5,"gaussian",1000,0.128836557531873,0.0906276346166048,0.0388365575318734,0.0641810732996497,0.000627634616604778,0.053342080787014,0.742,1000,0,"Gaussian",0.743380981545547,0.00138098154554711
0.3,0.12,120,5,"gaussian",1000,0.15511995412077,0.118063811757646,0.0351199541207699,0.0671448983770413,-0.00193618824235411,0.0597692068825824,0.863,1000,0,"Gaussian",0.874138205849548,0.0111382058495484
0.3,0.15,120,5,"gaussian",1000,0.184675166267845,0.148915305139242,0.0346751662678449,0.0697393296561849,-0.00108469486075837,0.0631710769398844,0.949,1000,0,"Gaussian",0.952367040967708,0.00336704096770846
0.3,0.18,120,5,"gaussian",1000,0.213047621391295,0.178532166189159,0.0330476213912955,0.0709558195965133,-0.00146783381084064,0.0655603724367348,0.985,1000,0,"Gaussian",0.984244566697702,0.000755433302297548
0.3,0.21,120,5,"gaussian",1000,0.240210473773523,0.206886371746046,0.0302104737735226,0.0744673698755853,-0.00311362825395441,0.0711175194989129,0.991,1000,0,"Gaussian",0.995374804926864,0.00437480492686393
0.3,0.24,120,5,"gaussian",1000,0.267183106049506,0.235042014209572,0.0271831060495055,0.0733427681456343,-0.00495798579042836,0.0712796389150311,0.997,1000,0,"Gaussian",0.998846148225982,0.00184614822598173
0.3,0.27,120,5,"gaussian",1000,0.296602421478411,0.265751650490622,0.0266024214784112,0.0723732143947146,-0.00424834950937774,0.0703870853114836,1,1000,0,"Gaussian",0.999794357530341,0.000205642469659373
0.3,0.3,120,5,"gaussian",1000,0.327769968022424,0.298286194690074,0.0277699680224238,0.073398751200645,-0.00171380530992601,0.0709433086691422,1,1000,0,"Gaussian",0.999974582252893,2.54177471068484e-05
0.3,0.03,30,3,"logistic",1000,0.11387453341997,0.0398961284297923,0.08387453341997,0.123406010638299,0.00989612842979227,0.0909276064278508,0.171,1000,0,"Logistic",0.165245892141682,0.00575410785831809
0.3,0.06,30,3,"logistic",1000,0.146413489305986,0.0721552416937403,0.0864134893059857,0.138319103642688,0.0121552416937403,0.108593224082027,0.263,1000,0,"Logistic",0.27471102050711,0.01171102050711
0.3,0.09,30,3,"logistic",1000,0.17449828919848,0.100485777160972,0.0844982891984804,0.145323762325993,0.0104857771609717,0.118689036239022,0.353707414829659,998,2,"Logistic",0.373438913614223,0.0197314987845632
0.3,0.12,30,3,"logistic",1000,0.214046833102042,0.140055388211903,0.0940468331020417,0.155997489370289,0.0200553882119026,0.125995335814903,0.503,1000,0,"Logistic",0.504884571494418,0.00188457149441768
0.3,0.15,30,3,"logistic",1000,0.234071477971239,0.159900160678901,0.0840714779712386,0.153906240273943,0.00990016067890067,0.129337917962823,0.585095669687815,993,7,"Logistic",0.565328284037002,0.0197673856508124
0.3,0.18,30,3,"logistic",1000,0.258865928789709,0.18479729137075,0.0788659287897093,0.159459380643537,0.00479729137074967,0.138593320570934,0.63963963963964,999,1,"Logistic",0.634607176662657,0.0050324629769829
0.3,0.21,30,3,"logistic",1000,0.292323448466564,0.218317669977699,0.0823234484665641,0.164241137692473,0.00831766997769947,0.142453400858227,0.74167507568113,991,9,"Logistic",0.715482929183499,0.0261921464976309
0.3,0.24,30,3,"logistic",1000,0.331830522208797,0.257649264086254,0.0918305222087966,0.172383397637971,0.0176492640862543,0.147178570093133,0.822874493927126,988,12,"Logistic",0.792373851555716,0.0305006423714091
0.3,0.27,30,3,"logistic",1000,0.354732337754204,0.280697327243442,0.084732337754204,0.169382539508011,0.0106973272434423,0.147057750641266,0.861788617886179,984,16,"Logistic",0.829045512646121,0.0327431052400583
0.3,0.3,30,3,"logistic",1000,0.397712306019507,0.323631476503922,0.097712306019507,0.178477983916157,0.0236314765039218,0.151262302702295,0.918807810894142,973,27,"Logistic",0.883001280920987,0.0358065299731553
0.3,0.03,60,3,"logistic",1000,0.0694560871187411,0.03294315976098,0.0394560871187411,0.0637096176271534,0.00294315976098005,0.0500910823372125,0.252,1000,0,"Logistic",0.252923514450778,0.000923514450778373
0.3,0.06,60,3,"logistic",1000,0.0991807908032739,0.0626743344675624,0.0391807908032739,0.0703073909910616,0.00267433446756237,0.0584223595191548,0.458,1000,0,"Logistic",0.457476654847496,0.000523345152504018
0.3,0.09,60,3,"logistic",1000,0.131648741982978,0.0950988536511147,0.0416487419829779,0.0841929684786084,0.00509885365111467,0.0733432994064455,0.639,1000,0,"Logistic",0.648610435148404,0.00961043514840443
0.3,0.12,60,3,"logistic",1000,0.161222697200823,0.124708910673025,0.0412226972008226,0.0889884066166459,0.00470891067302527,0.0789885579383359,0.79,1000,0,"Logistic",0.777825592896966,0.0121744071030339
0.3,0.15,60,3,"logistic",1000,0.191635483122277,0.155127882023576,0.0416354831222769,0.0938765413041664,0.00512788202357635,0.0842785054979986,0.879,1000,0,"Logistic",0.868027861979206,0.0109721380207941
0.3,0.18,60,3,"logistic",1000,0.213394015874004,0.176871327381652,0.0333940158740045,0.0934614123049425,-0.00312867261834823,0.0873180318714107,0.93,1000,0,"Logistic",0.911411503458081,0.0185884965419187
0.3,0.21,60,3,"logistic",1000,0.248217941668802,0.211687898971399,0.0382179416688019,0.104028054020844,0.00168789897139883,0.0967294061210898,0.97,1000,0,"Logistic",0.954992228798253,0.0150077712017472
0.3,0.24,60,3,"logistic",1000,0.279225963727089,0.242696133420783,0.0392259637270894,0.103667898256288,0.00269613342078307,0.0960092378772916,0.991,1000,0,"Logistic",0.976220411985075,0.0147795880149253
0.3,0.27,60,3,"logistic",1000,0.311812660514266,0.275305608028876,0.0418126605142663,0.10815929401431,0.00530560802887594,0.0998484731022027,0.999,1000,0,"Logistic",0.988209210440372,0.010790789559628
0.3,0.3,60,3,"logistic",1000,0.344706518977701,0.308175726114994,0.0447065189777012,0.110242318911129,0.00817572611499431,0.101091788006244,0.998,1000,0,"Logistic",0.994345426340838,0.00365457365916189
0.3,0.03,90,3,"logistic",1000,0.0547480293906474,0.0305120993987652,0.0247480293906474,0.043669295815434,0.00051209939876525,0.0359737224889002,0.322,1000,0,"Logistic",0.342389598838934,0.020389598838934
0.3,0.06,90,3,"logistic",1000,0.0842096998723894,0.0599696204997743,0.0242096998723894,0.052818474578758,-3.03795002256775e-05,0.046939869752025,0.63,1000,0,"Logistic",0.62161192768588,0.00838807231411953
0.3,0.09,90,3,"logistic",1000,0.1174655683333,0.0932352457708238,0.0274655683333002,0.0631485369083273,0.0032352457708238,0.0569581430892027,0.825,1000,0,"Logistic",0.827586241624686,0.00258624162468579
0.3,0.12,90,3,"logistic",1000,0.142274152835312,0.118029269620821,0.0222741528353117,0.0662910753072244,-0.0019707303791792,0.062468350870497,0.919,1000,0,"Logistic",0.911698321227586,0.0073016787724145
0.3,0.15,90,3,"logistic",1000,0.177570362973143,0.153323987562425,0.0275703629731426,0.0725674515240011,0.00332398756242516,0.0672171239301887,0.975,1000,0,"Logistic",0.968999626341088,0.00600037365891204
0.3,0.18,90,3,"logistic",1000,0.207131904990768,0.182903448757853,0.0271319049907681,0.0784589444408519,0.00290344875785272,0.0736807211890356,0.992,1000,0,"Logistic",0.98796077552662,0.0040392244733799
0.3,0.21,90,3,"logistic",1000,0.235463492298918,0.211209364610327,0.0254634922989176,0.0778435240587085,0.00120936461032697,0.0735699270073416,0.998,1000,0,"Logistic",0.995357987518782,0.00264201248121843
0.3,0.24,90,3,"logistic",1000,0.269132606037871,0.244874166788444,0.0291326060378711,0.0817653558592673,0.00487416678844381,0.076567124368444,1,1000,0,"Logistic",0.998580399651593,0.00141960034840671
0.3,0.27,90,3,"logistic",1000,0.298102563789555,0.27386501005958,0.0281025637895554,0.0827307598641713,0.00386501005958008,0.0779060806363754,1,1000,0,"Logistic",0.999507464515462,0.000492535484537981
0.3,0.3,90,3,"logistic",1000,0.330930863145234,0.306667150309203,0.0309308631452345,0.0872196768132066,0.00666715030920333,0.0818441914680826,1,1000,0,"Logistic",0.999856696939154,0.000143303060845756
0.3,0.03,120,3,"logistic",1000,0.0489962033773834,0.030844111012235,0.0189962033773834,0.0347642737959633,0.000844111012234983,0.0291253750669535,0.453,1000,0,"Logistic",0.450971199194729,0.00202880080527135
0.3,0.06,120,3,"logistic",1000,0.0796861820406326,0.0615364842974079,0.0196861820406326,0.0440534100667958,0.00153648429740793,0.0394454225765233,0.779,1000,0,"Logistic",0.771821830510847,0.00717816948915329
0.3,0.09,120,3,"logistic",1000,0.11120960793839,0.0930665691580669,0.0212096079383903,0.0530329955994823,0.00306656915806692,0.0487059604126921,0.928,1000,0,"Logistic",0.925686439553135,0.00231356044686515
0.3,0.12,120,3,"logistic",1000,0.139849171285032,0.121710243474911,0.0198491712850324,0.0571499144153492,0.00171024347491114,0.0536286273646483,0.977,1000,0,"Logistic",0.976580486990927,0.000419513009072947
0.3,0.15,120,3,"logistic",1000,0.166569273451731,0.148428854988572,0.0165692734517314,0.0585267746887222,-0.0015711450114282,0.0561546091917277,0.998,1000,0,"Logistic",0.992696020911289,0.00530397908871061
0.3,0.18,120,3,"logistic",1000,0.203269580570438,0.185132158026596,0.0232695805704383,0.0654583459688669,0.00513215802659624,0.0613971141019531,1,1000,0,"Logistic",0.998677468600666,0.00132253139933436
0.3,0.21,120,3,"logistic",1000,0.228718566953995,0.210571442488577,0.0187185669539952,0.064605600088891,0.000571442488576937,0.0618364071783311,1,1000,0,"Logistic",0.999618899779838,0.000381100220161579
0.3,0.24,120,3,"logistic",1000,0.264889857834101,0.246747657132632,0.0248898578341011,0.0730669406452275,0.00674765713263212,0.069041874871133,1,1000,0,"Logistic",0.999939379496594,6.06205034063834e-05
0.3,0.27,120,3,"logistic",1000,0.294888522902726,0.276739359279703,0.0248885229027255,0.0721128579720453,0.00673935927970303,0.0680257805505815,1,1000,0,"Logistic",0.999987467323889,1.25326761111211e-05
0.3,0.3,120,3,"logistic",1000,0.323020332278364,0.304878349348109,0.0230203322783637,0.0751525937068289,0.00487834934810911,0.0717074304467012,1,1000,0,"Logistic",0.999997247393368,2.7526066317396e-06
0.3,0.03,30,5,"logistic",1000,0.173432918458571,0.0498425929098297,0.143432918458571,0.179053564929063,0.0198425929098297,0.108788049827022,0.168505516549649,997,3,"Logistic",0.161556787458652,0.00694872909099692
0.3,0.06,30,5,"logistic",1000,0.207159342210808,0.0838511314297711,0.147159342210808,0.188843028333333,0.0238511314297711,0.120436598187246,0.244734202607823,997,3,"Logistic",0.255816732318559,0.011082529710736
0.3,0.09,30,5,"logistic",1000,0.239704643702682,0.116264900336879,0.149704643702682,0.195663675156022,0.0262649003368794,0.128590541109977,0.351758793969849,995,5,"Logistic",0.350993862062051,0.000764931907798472
0.3,0.12,30,5,"logistic",1000,0.268368035852273,0.145270884684339,0.148368035852273,0.203045053146473,0.0252708846843392,0.140974254709044,0.43202416918429,993,7,"Logistic",0.435755902363343,0.0037317331790529
0.3,0.15,30,5,"logistic",1000,0.307295710263299,0.183844540163115,0.157295710263299,0.211741242721892,0.0338445401631146,0.145695036055023,0.539553752535497,986,14,"Logistic",0.542333666364924,0.00277991382942711
0.3,0.18,30,5,"logistic",1000,0.328298563427451,0.204802901478726,0.148298563427451,0.207104473127796,0.0248029014787258,0.146651135502068,0.611848825331971,979,21,"Logistic",0.595686305005536,0.0161625203264352
0.3,0.21,30,5,"logistic",1000,0.352532414635839,0.22882530080283,0.142532414635839,0.206512467598947,0.0188253008028296,0.150609983754159,0.682474226804124,970,30,"Logistic",0.652085261432203,0.0303889653719204
0.3,0.24,30,5,"logistic",1000,0.388291534804008,0.264722616618732,0.148291534804008,0.210116823719254,0.0247226166187319,0.150971982401939,0.761904761904762,966,34,"Logistic",0.726207770212766,0.0356969916919961
0.3,0.27,30,5,"logistic",1000,0.408385416689695,0.285096067613942,0.138385416689695,0.205948841283148,0.0150960676139421,0.153536903061896,0.784877529286475,939,61,"Logistic",0.762799344434334,0.0220781848521414
0.3,0.3,30,5,"logistic",1000,0.442004428423836,0.318974108125327,0.142004428423836,0.209094935693605,0.0189741081253266,0.154647313436513,0.845733041575492,914,86,"Logistic",0.815204994642325,0.0305280469331677
0.3,0.03,60,5,"logistic",1000,0.0961618443708506,0.0353546037360848,0.0661618443708506,0.0861898788317261,0.00535460373608476,0.0555288597577614,0.207,1000,0,"Logistic",0.218314677835378,0.011314677835378
0.3,0.06,60,5,"logistic",1000,0.128808051255289,0.0679910989141095,0.0688080512552889,0.0978293325169576,0.00799109891410948,0.0699294710492611,0.397,1000,0,"Logistic",0.408883017127026,0.0118830171270259
0.3,0.09,60,5,"logistic",1000,0.158791053648146,0.0979569377397086,0.0687910536481456,0.101483532500275,0.00795693773970855,0.0750447846626214,0.581,1000,0,"Logistic",0.57350652834085,0.00749347165915026
0.3,0.12,60,5,"logistic",1000,0.18389468447892,0.123016330875187,0.0638946844789204,0.105484584397456,0.00301633087518654,0.0839975291380841,0.695,1000,0,"Logistic",0.689158229279352,0.00584177072064807
0.3,0.15,60,5,"logistic",1000,0.212985452391639,0.152072847047909,0.0629854523916386,0.105844336295163,0.00207284704790939,0.0851595554332764,0.811,1000,0,"Logistic",0.793526317055241,0.0174736829447593
0.3,0.18,60,5,"logistic",1000,0.25140946736595,0.190616716639768,0.0714094673659501,0.120621883183921,0.0106167166397679,0.0977497279174402,0.912,1000,0,"Logistic",0.886979993008755,0.0250200069912455
0.3,0.21,60,5,"logistic",1000,0.280019156936626,0.219200037169082,0.0700191569366257,0.122270700236401,0.00920003716908219,0.100635179034965,0.934,1000,0,"Logistic",0.930396448395062,0.00360355160493797
0.3,0.24,60,5,"logistic",1000,0.312277044789005,0.251401655136842,0.0722770447890048,0.122931288407402,0.0114016551368424,0.100028780373775,0.978,1000,0,"Logistic",0.961009624715923,0.016990375284077
0.3,0.27,60,5,"logistic",1000,0.339539246297944,0.278581949424459,0.0695392462979443,0.128184637089894,0.00858194942445942,0.107997979527793,0.987,1000,0,"Logistic",0.976670025462236,0.0103299745377642
0.3,0.3,60,5,"logistic",1000,0.369929478287406,0.309072773622708,0.0699294782874063,0.124934317436242,0.00907277362270843,0.103885829757495,0.997995991983968,998,2,"Logistic",0.987194933489084,0.0108010584948838
0.3,0.03,90,5,"logistic",1000,0.0721319695674534,0.0317428713015934,0.0421319695674534,0.0587867626663102,0.00174287130159341,0.0410273096920385,0.278,1000,0,"Logistic",0.288965964261068,0.0109659642610683
0.3,0.06,90,5,"logistic",1000,0.104640104089034,0.0642274792233156,0.044640104089034,0.0678744074191547,0.00422747922331557,0.0513166843381331,0.556,1000,0,"Logistic",0.565276894582334,0.00927689458233427
0.3,0.09,90,5,"logistic",1000,0.134228813437336,0.0937971120562514,0.0442288134373362,0.0743853693636149,0.00379711205625137,0.0599224910007957,0.756,1000,0,"Logistic",0.756436207875351,0.000436207875351258
0.3,0.12,90,5,"logistic",1000,0.165829032359113,0.125421748584631,0.0458290323591132,0.0792361851322096,0.00542174858463055,0.0648862599986663,0.894,1000,0,"Logistic",0.882286543039039,0.0117134569609613
0.3,0.15,90,5,"logistic",1000,0.191151664231903,0.150742607888235,0.0411516642319031,0.0805978087734216,0.000742607888235088,0.0693607729860877,0.95,1000,0,"Logistic",0.938365062598232,0.0116349374017679
0.3,0.18,90,5,"logistic",1000,0.222240253557874,0.181835714343379,0.0422402535578736,0.0847775717788663,0.00183571434337927,0.0735500691400078,0.981,1000,0,"Logistic",0.973908113986773,0.00709188601322674
0.3,0.21,90,5,"logistic",1000,0.251127807217459,0.210722321863918,0.0411278072174589,0.089011521172377,0.000722321863918449,0.0789530937126757,0.993,1000,0,"Logistic",0.988881405461883,0.00411859453811669
0.3,0.24,90,5,"logistic",1000,0.284376402231856,0.243972717325925,0.044376402231856,0.0923232366973822,0.00397271732592475,0.0810855089923658,0.999,1000,0,"Logistic",0.996057770593062,0.00294222940693811
0.3,0.27,90,5,"logistic",1000,0.316164155055564,0.275744392971039,0.0461641550555642,0.0955813626310833,0.00574439297103865,0.0838812799168257,1,1000,0,"Logistic",0.998603928857316,0.00139607114268403
0.3,0.3,90,5,"logistic",1000,0.342775595188179,0.302373669932415,0.0427755951881793,0.0926675017742093,0.00237366993241515,0.082227695189541,1,1000,0,"Logistic",0.99943308251172,0.00056691748827975
0.3,0.03,120,5,"logistic",1000,0.060495505904335,0.0302463823980788,0.030495505904335,0.0454975977072642,0.000246382398078774,0.0337660861850398,0.348,1000,0,"Logistic",0.364920449423474,0.0169204494234742
0.3,0.06,120,5,"logistic",1000,0.0936558563727422,0.0634212528764535,0.0336558563727423,0.0542904754537676,0.0034212528764535,0.0427409677001471,0.719,1000,0,"Logistic",0.704733396725433,0.0142666032745671
0.3,0.09,120,5,"logistic",1000,0.120707839243733,0.0904522315009522,0.0307078392437327,0.0570741999029794,0.00045223150095225,0.0481040329581477,0.885,1000,0,"Logistic",0.867674904510959,0.0173250954890408
0.3,0.12,120,5,"logistic",1000,0.151679684354043,0.121423688197616,0.031679684354043,0.0618102129654072,0.00142368819761612,0.0531030848969256,0.954,1000,0,"Logistic",0.954374580428674,0.000374580428673665
0.3,0.15,120,5,"logistic",1000,0.181751163913837,0.151506009531845,0.0317511639138374,0.0670852365396737,0.00150600953184539,0.0590999372799015,0.99,1000,0,"Logistic",0.985546098086187,0.00445390191381301
0.3,0.18,120,5,"logistic",1000,0.214070795986254,0.183829856332533,0.0340707959862537,0.0715794834472946,0.00382985633253284,0.063043011272245,0.999,1000,0,"Logistic",0.996198267229833,0.00280173277016738
0.3,0.21,120,5,"logistic",1000,0.242706224412582,0.212468286020046,0.0327062244125821,0.0736032047386496,0.0024682860200457,0.065976543572003,1,1000,0,"Logistic",0.998915638783122,0.00108436121687849
0.3,0.24,120,5,"logistic",1000,0.27169011943122,0.241449061180682,0.0316901194312195,0.075274809152242,0.00144906118068152,0.0682876503329348,1,1000,0,"Logistic",0.999712264725124,0.000287735274876133
0.3,0.27,120,5,"logistic",1000,0.300268640857746,0.270029681996466,0.030268640857746,0.0738022962731313,2.96819964656622e-05,0.0673030334702551,1,1000,0,"Logistic",0.999925923844458,7.40761555415581e-05
0.3,0.3,120,5,"logistic",1000,0.329894068207957,0.299657514372173,0.0298940682079574,0.0735770659002714,-0.000342485627827382,0.0672296384827746,1,1000,0,"Logistic",0.999982641823288,1.73581767116682e-05
0.3,0.03,30,3,"multinomial",1000,0.139548160998218,0.0455108823859977,0.109548160998218,0.13600215842837,0.0155108823859977,0.08184496869219,0.207622868605817,997,3,"Multinomial",0.274633655328195,0.067010786722378
0.3,0.06,30,3,"multinomial",1000,0.168101110652559,0.0739658921131921,0.108101110652559,0.13659934715049,0.0139658921131921,0.0846375908858976,0.334002006018054,997,3,"Multinomial",0.430508124749099,0.0965061187310451
0.3,0.09,30,3,"multinomial",1000,0.201860968382502,0.107638559881173,0.111860968382502,0.147361865988915,0.0176385598811729,0.0972293207988729,0.464717741935484,992,8,"Multinomial",0.596045077011968,0.131327335076484
0.3,0.12,30,3,"multinomial",1000,0.239637548821821,0.145228979700369,0.119637548821821,0.156092225886254,0.0252289797003688,0.103034762145633,0.612740141557128,989,11,"Multinomial",0.740676247390456,0.127936105833328
0.3,0.15,30,3,"multinomial",1000,0.263733389172902,0.169372137219422,0.113733389172902,0.15464065964646,0.019372137219422,0.106273319429515,0.708757637474542,982,18,"Multinomial",0.810283997532267,0.101526360057725
0.3,0.18,30,3,"multinomial",1000,0.291471512294786,0.196620524056534,0.111471512294786,0.153114226615211,0.016620524056534,0.106023626126338,0.814853556485356,956,44,"Multinomial",0.869645817559487,0.0547922610741318
0.3,0.21,30,3,"multinomial",1000,0.319864040185471,0.225028194256185,0.109864040185471,0.150507420105875,0.0150281942561849,0.10333680128455,0.884042553191489,940,60,"Multinomial",0.913810995359682,0.0297684421681922
0.3,0.24,30,3,"multinomial",1000,0.349000434878451,0.253612289220322,0.109000434878451,0.151376145075626,0.0136122892203218,0.105394255749937,0.922489082969432,916,84,"Multinomial",0.944312628669042,0.0218235456996099
0.3,0.27,30,3,"multinomial",1000,0.36449142713802,0.26907843358533,0.09449142713802,0.138284848231764,-0.000921566414670116,0.100067314680468,0.961451247165533,882,118,"Multinomial",0.956374366053449,0.00507688111208415
0.3,0.3,30,3,"multinomial",1000,0.393775736344827,0.298112025358474,0.0937757363448275,0.136455857500477,-0.00188797464152625,0.0984349026993206,0.97708082026538,829,171,"Multinomial",0.972779718581694,0.0043011016836858
0.3,0.03,60,3,"multinomial",1000,0.0786429235949602,0.0323941761258484,0.0486429235949602,0.063635193478974,0.00239417612584842,0.0410758555119334,0.276,1000,0,"Multinomial",0.381028672898866,0.105028672898866
0.3,0.06,60,3,"multinomial",1000,0.109467926692064,0.0631838285016467,0.0494679266920637,0.0705693757395414,0.00318382850164666,0.0503797326771655,0.556,1000,0,"Multinomial",0.673773783668359,0.117773783668359
0.3,0.09,60,3,"multinomial",1000,0.142127184663046,0.0958170369280553,0.0521271846630461,0.0783697819244924,0.00581703692805532,0.0587262363583546,0.764,1000,0,"Multinomial",0.86014760184561,0.0961476018456102
0.3,0.12,60,3,"multinomial",1000,0.169349016284545,0.122983803841188,0.0493490162845452,0.0796878541999907,0.00298380384118804,0.0625148207030539,0.889,1000,0,"Multinomial",0.937294302352866,0.0482943023528658
0.3,0.15,60,3,"multinomial",1000,0.201347041117985,0.154895061647838,0.0513470411179848,0.0848406364426125,0.00489506164783794,0.0675577025771143,0.951,1000,0,"Multinomial",0.9775874714067,0.0265874714067
0.3,0.18,60,3,"multinomial",1000,0.233384169697495,0.186821329191998,0.0533841696974954,0.0868344963818317,0.00682132919199849,0.0686770531657747,0.99,1000,0,"Multinomial",0.992571380750832,0.00257138075083219
0.3,0.21,60,3,"multinomial",1000,0.264854581169015,0.218241082615186,0.0548545811690146,0.0900084303607275,0.00824108261518552,0.0716812269264974,0.994,1000,0,"Multinomial",0.997639465983947,0.00363946598394693
0.3,0.24,60,3,"multinomial",1000,0.296096520057091,0.249330260039216,0.0560965200570908,0.0940963235705467,0.00933026003921609,0.0759388265325851,1,1000,0,"Multinomial",0.999276931345661,0.000723068654339021
0.3,0.27,60,3,"multinomial",1000,0.330226035488174,0.283310184420654,0.0602260354881744,0.0947490927516573,0.0133101844206543,0.0741653178989926,1,993,7,"Multinomial",0.999810721622085,0.000189278377914603
0.3,0.3,60,3,"multinomial",1000,0.354741479120407,0.307798667402027,0.0547414791204067,0.091851059372621,0.00779866740202694,0.0738743302226717,1,988,12,"Multinomial",0.999929845053516,7.01549464837692e-05
0.3,0.03,90,3,"multinomial",1000,0.0618172484535848,0.0311602521942357,0.0318172484535848,0.0448536350646475,0.00116025219423573,0.031630373714716,0.41,1000,0,"Multinomial",0.530103531907595,0.120103531907595
0.3,0.06,90,3,"multinomial",1000,0.0936791406020857,0.0630099736912793,0.0336791406020857,0.0508842807759299,0.00300997369127927,0.0382274907099369,0.762,1000,0,"Multinomial",0.854956733769077,0.0929567337690765
0.3,0.09,90,3,"multinomial",1000,0.122135017069493,0.0914214389488197,0.0321350170694931,0.0538973021460855,0.00142143894881969,0.0432709571743658,0.927,1000,0,"Multinomial",0.959848984782282,0.0328489847822817
0.3,0.12,90,3,"multinomial",1000,0.154274822596817,0.123520539755886,0.0342748225968167,0.058254085575184,0.0035205397558864,0.0471984350898189,0.987,1000,0,"Multinomial",0.992153082657651,0.00515308265765102
0.3,0.15,90,3,"multinomial",1000,0.183490054958155,0.152708554649517,0.0334900549581552,0.0615770895904408,0.00270855464951688,0.0516963821298237,0.994,1000,0,"Multinomial",0.998428311167764,0.00442831116776354
0.3,0.18,90,3,"multinomial",1000,0.214407048605446,0.183558451085686,0.0344070486054464,0.0639618627203826,0.00355845108568583,0.0539641754896896,1,1000,0,"Multinomial",0.999739730325733,0.000260269674267066
0.3,0.21,90,3,"multinomial",1000,0.245854227380715,0.214931027566142,0.0358542273807154,0.0648058825765666,0.00493102756614223,0.0541497865950639,1,1000,0,"Multinomial",0.999961544338884,3.84556611160436e-05
0.3,0.24,90,3,"multinomial",1000,0.274495248670776,0.243528275873919,0.0344952486707759,0.0686993504976852,0.00352827587391864,0.0594106671492127,1,1000,0,"Multinomial",0.999993667035482,6.33296451835186e-06
0.3,0.27,90,3,"multinomial",1000,0.305849878017866,0.274773328128319,0.0358498780178664,0.067352510734019,0.004773328128319,0.0570875905852412,1,1000,0,"Multinomial",0.999999165434894,8.345651058006e-07
0.3,0.3,90,3,"multinomial",1000,0.330382239188851,0.299266481339917,0.030382239188851,0.0671469529231946,-0.000733518660082761,0.0597670398626594,1,1000,0,"Multinomial",0.999999835515068,1.64484931897135e-07
0.3,0.03,120,3,"multinomial",1000,0.0542516184250816,0.0313070684721208,0.0242516184250816,0.0342833667656744,0.00130706847212083,0.0242556095162235,0.566,1000,0,"Multinomial",0.66936631973144,0.10336631973144
0.3,0.06,120,3,"multinomial",1000,0.0837945623837815,0.0608472767725772,0.0237945623837815,0.0399680137869364,0.000847276772577234,0.0321168467533394,0.885,1000,0,"Multinomial",0.934752589552636,0.049752589552636
0.3,0.09,120,3,"multinomial",1000,0.115103957759873,0.0921370360953377,0.0251039577598735,0.04429900553248,0.00213703609533774,0.0365474733724575,0.979,1000,0,"Multinomial",0.991867704902391,0.0128677049023912
0.3,0.12,120,3,"multinomial",1000,0.146812144236678,0.123816577320345,0.0268121442366783,0.0480839696679739,0.00381657732034512,0.0400673452289117,0.998,1000,0,"Multinomial",0.999227822850654,0.00122782285065393
0.3,0.15,120,3,"multinomial",1000,0.173804746501085,0.15076428813048,0.0238047465010848,0.0480334363325282,0.000764288130480435,0.0416937367496339,1,1000,0,"Multinomial",0.999909368798057,9.06312019425259e-05
0.3,0.18,120,3,"multinomial",1000,0.207117980926883,0.1840434668968,0.027117980926883,0.0523966855810239,0.00404346689680002,0.044963925201695,1,1000,0,"Multinomial",0.999994379173822,5.62082617772131e-06
0.3,0.21,120,3,"multinomial",1000,0.235304971964632,0.212176839545622,0.0253049719646317,0.0524540220356684,0.00217683954562158,0.0459585189189407,1,1000,0,"Multinomial",0.999999511604973,4.88395026976285e-07
0.3,0.24,120,3,"multinomial",1000,0.265324936306715,0.242136280880275,0.0253249363067152,0.0551169965033032,0.00213628088027527,0.0489274113658571,1,1000,0,"Multinomial",0.999999966447537,3.35524633632289e-08
0.3,0.27,120,3,"multinomial",1000,0.296379614751097,0.273141551805076,0.0263796147510968,0.0550318248312901,0.00314155180507635,0.0483115730051073,1,1000,0,"Multinomial",0.999999998042178,1.95782179357451e-09
0.3,0.3,120,3,"multinomial",1000,0.325785120065113,0.302496634154782,0.0257851200651134,0.0562943239412945,0.00249663415478179,0.0500207886231638,1,1000,0,"Multinomial",0.999999999874337,1.2566336859976e-10
0.3,0.03,30,5,"multinomial",1000,0.22159013887732,0.0648412500780268,0.19159013887732,0.213714058181317,0.0348412500780268,0.100716632112012,0.230142566191446,982,18,"Multinomial",0.311150166151446,0.0810075999600003
0.3,0.06,30,5,"multinomial",1000,0.25309235511317,0.0965549335057297,0.19309235511317,0.219070266872197,0.0365549335057297,0.109545256715776,0.34472049689441,966,34,"Multinomial",0.457927319371615,0.113206822477205
0.3,0.09,30,5,"multinomial",1000,0.280007448946665,0.123142494154225,0.190007448946665,0.217447163811347,0.0331424941542246,0.11064947147871,0.424686192468619,956,44,"Multinomial",0.571635639058643,0.146949446590023
0.3,0.12,30,5,"multinomial",1000,0.311940894751236,0.154871377665791,0.191940894751236,0.222678287603453,0.0348713776657912,0.117343366935681,0.5406852248394,934,66,"Multinomial",0.687981091240361,0.147295866400961
0.3,0.15,30,5,"multinomial",1000,0.338135070256446,0.180728812141505,0.188135070256446,0.216983895693515,0.0307288121415048,0.112124167799778,0.656666666666667,900,100,"Multinomial",0.765090235536841,0.108423568870174
0.3,0.18,30,5,"multinomial",1000,0.359218521320719,0.201770944871528,0.179218521320719,0.210426073975714,0.0217709448715281,0.112178229282871,0.721769499417928,859,141,"Multinomial",0.816355787388009,0.0945862879700808
0.3,0.21,30,5,"multinomial",1000,0.388812280741921,0.23079264510885,0.178812280741922,0.208740761789611,0.0207926451088498,0.108851930434168,0.815365551425031,807,193,"Multinomial",0.871852042234966,0.0564864908099346
0.3,0.24,30,5,"multinomial",1000,0.405453360473515,0.247681621950497,0.165453360473515,0.197303928036171,0.00768162195049733,0.107079313213904,0.870249017038008,763,237,"Multinomial",0.897089275893124,0.0268402588551163
0.3,0.27,30,5,"multinomial",1000,0.42918424159536,0.270672521635983,0.15918424159536,0.188556381018742,0.000672521635982591,0.100380217743406,0.911078717201166,686,314,"Multinomial",0.924473104795246,0.0133943875940794
0.3,0.3,30,5,"multinomial",1000,0.442350295195507,0.28368763599944,0.142350295195507,0.174886580071327,-0.0163123640005599,0.102175641960051,0.930979133226324,623,377,"Multinomial",0.936935603902724,0.00595647067639993
0.3,0.03,60,5,"multinomial",1000,0.115310340410151,0.0382730202417513,0.0853103404101507,0.0979586964943034,0.00827302024175127,0.0488360633858129,0.262,1000,0,"Multinomial",0.365913837514818,0.103913837514818
0.3,0.06,60,5,"multinomial",1000,0.143484279004273,0.0663003963870839,0.0834842790042734,0.100253346232671,0.00630039638708395,0.0558794710810676,0.477,1000,0,"Multinomial",0.608736826325847,0.131736826325847
0.3,0.09,60,5,"multinomial",1000,0.177840769489501,0.100736905363491,0.0878407694895015,0.107625731811294,0.010736905363491,0.0630526077357275,0.702,1000,0,"Multinomial",0.81569978993203,0.11369978993203
0.3,0.12,60,5,"multinomial",1000,0.207293337460358,0.13007974696738,0.0872933374603577,0.109835099088686,0.0100797469673799,0.0673079822656031,0.833,1000,0,"Multinomial",0.912865801924527,0.0798658019245273
0.3,0.15,60,5,"multinomial",1000,0.240054290648902,0.162589577890412,0.090054290648902,0.113846987482524,0.0125895778904116,0.0706716875256706,0.934,1000,0,"Multinomial",0.96531769817002,0.0313176981700203
0.3,0.18,60,5,"multinomial",1000,0.267154884085876,0.18969178087087,0.0871548840858756,0.114112646261945,0.00969178087086989,0.0741276976745721,0.965965965965966,999,1,"Multinomial",0.984852485686751,0.0188865197207853
0.3,0.21,60,5,"multinomial",1000,0.298953974590608,0.221263626291952,0.0889539745906084,0.11685650480452,0.0112636262919519,0.0762343536992278,0.991943605236657,993,7,"Multinomial",0.994554373953549,0.00261076871689281
0.3,0.24,60,5,"multinomial",1000,0.330932350447035,0.253077804541376,0.0909323504470351,0.120547228523968,0.0130778045413762,0.0798103526323734,1,996,4,"Multinomial",0.998159579652963,0.00184042034703669
0.3,0.27,60,5,"multinomial",1000,0.352484543413333,0.274390991515399,0.0824845434133327,0.112190377104709,0.0043909915153992,0.0758330785287952,0.996963562753036,988,12,"Multinomial",0.999133421324427,0.00216985857139018
0.3,0.3,60,5,"multinomial",1000,0.385321697225177,0.307094744927088,0.0853216972251765,0.114222425074502,0.00709474492708798,0.0758338009627828,1,974,26,"Multinomial",0.999736929469011,0.00026307053098884
0.3,0.03,90,5,"multinomial",1000,0.0849032537948641,0.0338108251886126,0.0549032537948641,0.0655083746083263,0.00381082518861258,0.0359339089414522,0.353,1000,0,"Multinomial",0.479683025855441,0.126683025855441
0.3,0.06,90,5,"multinomial",1000,0.116053310146871,0.0649054899230657,0.0560533101468709,0.0697989234889532,0.0049054899230657,0.0418426769264511,0.677,1000,0,"Multinomial",0.800267230825741,0.123267230825741
0.3,0.09,90,5,"multinomial",1000,0.144341541211094,0.0931429321073793,0.0543415412110941,0.0708170822441762,0.00314293210737934,0.0454552046946354,0.869,1000,0,"Multinomial",0.933075565893251,0.0640755658932508
0.3,0.12,90,5,"multinomial",1000,0.175757303253895,0.124496210438667,0.0557573032538954,0.0750035865495509,0.00449621043866701,0.0503201076594342,0.964,1000,0,"Multinomial",0.983385108459689,0.019385108459689
0.3,0.15,90,5,"multinomial",1000,0.207444013077311,0.156103709987063,0.0574440130773111,0.0787795194613724,0.00610370998706289,0.0541449620460868,0.992,1000,0,"Multinomial",0.996470090383935,0.00447009038393464
0.3,0.18,90,5,"multinomial",1000,0.235122830373024,0.183689291844282,0.0551228303730239,0.078031773666164,0.00368929184428192,0.0552699918749458,0.999,1000,0,"Multinomial",0.999168185467587,0.000168185467586568
0.3,0.21,90,5,"multinomial",1000,0.268567354160419,0.217083750322034,0.0585673541604191,0.0801073347228231,0.00708375032203361,0.0549656749396451,0.999,1000,0,"Multinomial",0.999868474274507,0.000868474274506537
0.3,0.24,90,5,"multinomial",1000,0.298106080750462,0.246488152386635,0.0581060807504617,0.083790323311814,0.00648815238663504,0.0605427194343574,1,1000,0,"Multinomial",0.999975869688077,2.4130311923054e-05
0.3,0.27,90,5,"multinomial",1000,0.328064995743644,0.276247712328428,0.0580649957436438,0.0844162581051448,0.00624771232842764,0.0614038626745492,1,1000,0,"Multinomial",0.999995907050717,4.09294928327419e-06
0.3,0.3,90,5,"multinomial",1000,0.356124722193192,0.30424822111613,0.0561247221931922,0.0837881532144686,0.00424822111613001,0.0620969343120224,1,995,5,"Multinomial",0.999999263895692,7.3610430817439e-07
0.3,0.03,120,5,"multinomial",1000,0.0712546194347889,0.0330146892106447,0.0412546194347889,0.0499811562338288,0.00301468921064473,0.0283540967512641,0.47,1000,0,"Multinomial",0.606664049162506,0.136664049162506
0.3,0.06,120,5,"multinomial",1000,0.100800334806957,0.062532848027274,0.0408003348069573,0.053102305659724,0.00253284802727397,0.0340662949022374,0.806,1000,0,"Multinomial",0.900368666531845,0.0943686665318445
0.3,0.09,120,5,"multinomial",1000,0.130889469538373,0.0925889475764105,0.0408894695383731,0.0558075504339572,0.00258894757641049,0.0380192595978307,0.96,1000,0,"Multinomial",0.982552211244371,0.0225522112443706
0.3,0.12,120,5,"multinomial",1000,0.161679423949852,0.123336427403595,0.0416794239498517,0.059833456442364,0.00333642740359544,0.0430113215067079,0.994,1000,0,"Multinomial",0.997701272031741,0.00370127203174064
0.3,0.15,120,5,"multinomial",1000,0.193755997361913,0.155330842018756,0.0437559973619131,0.064823436139539,0.0053308420187565,0.0480572501577052,0.999,1000,0,"Multinomial",0.999769572433882,0.000769572433882315
0.3,0.18,120,5,"multinomial",1000,0.220566246088877,0.182103341280082,0.0405662460888771,0.0639458237310282,0.00210334128008196,0.0494245013829198,1,1000,0,"Multinomial",0.999970059801793,2.99401982071235e-05
0.3,0.21,120,5,"multinomial",1000,0.250544465994741,0.212020397463314,0.040544465994741,0.0627394363675755,0.00202039746331353,0.0478425430338733,1,1000,0,"Multinomial",0.999997232182855,2.76781714514396e-06
0.3,0.24,120,5,"multinomial",1000,0.283088354794529,0.244481727317562,0.0430883547945289,0.0654383036356355,0.0044817273175624,0.0493181754495815,1,1000,0,"Multinomial",0.999999810844043,1.89155956897835e-07
0.3,0.27,120,5,"multinomial",1000,0.309949273607318,0.27125211509352,0.0399492736073184,0.0636761393991948,0.00125211509352046,0.0494760281020191,1,1000,0,"Multinomial",0.999999980627959,1.9372040638288e-08
0.3,0.3,120,5,"multinomial",1000,0.343695878963963,0.304858715278363,0.0436958789639632,0.0682095688918431,0.00485871527836278,0.0524296780659691,1,1000,0,"Multinomial",0.999999998968449,1.03155084474338e-09
0.3,0.03,30,3,"ordinal",1000,0.0809601397488806,0.0337774876700445,0.0509601397488806,0.0770288038619914,0.0037774876700445,0.0578054791602754,0.19,1000,0,"Ordinal",0.210560970636735,0.0205609706367351
0.3,0.06,30,3,"ordinal",1000,0.110973903691327,0.063827760663254,0.0509739036913271,0.0878450773480875,0.00382776066325398,0.0716617468189511,0.361,1000,0,"Ordinal",0.375781725104146,0.0147817251041459
0.3,0.09,30,3,"ordinal",1000,0.143174061848521,0.0959627605040876,0.0531740618485206,0.0985580020703183,0.0059627605040876,0.0830415629945324,0.54,1000,0,"Ordinal",0.542083700009149,0.00208370000914893
0.3,0.12,30,3,"ordinal",1000,0.178880988846171,0.131416882088162,0.058880988846171,0.111108778377438,0.0114168820881623,0.0946052000714217,0.681,1000,0,"Ordinal",0.692801231772712,0.0118012317727123
0.3,0.15,30,3,"ordinal",1000,0.205193996484504,0.157676223301485,0.0551939964845042,0.111412884305089,0.00767622330148459,0.0968105859294639,0.793,1000,0,"Ordinal",0.778719379316697,0.0142806206833033
0.3,0.18,30,3,"ordinal",1000,0.244898364687629,0.196943861589428,0.0648983646876295,0.127150367225086,0.016943861589428,0.110220707854107,0.881881881881882,999,1,"Ordinal",0.870242141986862,0.0116397398950199
0.3,0.21,30,3,"ordinal",1000,0.275333601727665,0.227224895963551,0.065333601727665,0.128994877467745,0.0172248959635512,0.112117476920761,0.936936936936937,999,1,"Ordinal",0.916597862120793,0.0203390748161439
0.3,0.24,30,3,"ordinal",1000,0.300354288253266,0.251762648833647,0.0603542882532664,0.129562620711261,0.0117626488336475,0.114770230509086,0.949849548645938,997,3,"Ordinal",0.942683167753341,0.00716638089259669
0.3,0.27,30,3,"ordinal",1000,0.337244585607226,0.288326415897788,0.0672445856072262,0.143353913009561,0.0183264158977877,0.127195801382607,0.96579476861167,994,6,"Ordinal",0.968029399727249,0.0022346311155792
0.3,0.3,30,3,"ordinal",1000,0.370102540442771,0.320755154227656,0.0701025404427707,0.14382858256202,0.0207551542276564,0.126670166502017,0.992914979757085,988,12,"Ordinal",0.981368124461603,0.0115468552954821
0.3,0.03,60,3,"ordinal",1000,0.0553582679564055,0.0322360220256634,0.0253582679564055,0.0441586487296686,0.00223602202566338,0.0362152304796515,0.385,1000,0,"Ordinal",0.379302119807138,0.00569788019286188
0.3,0.06,60,3,"ordinal",1000,0.0849545173032301,0.0617817246559126,0.0249545173032301,0.0536631285838012,0.00178172465591262,0.0475275893481256,0.665,1000,0,"Ordinal",0.662850929691235,0.00214907030876532
0.3,0.09,60,3,"ordinal",1000,0.117504686537659,0.0942693272893684,0.0275046865376588,0.0612459641563045,0.00426932728936838,0.0548404423700862,0.857,1000,0,"Ordinal",0.853959357745705,0.00304064225429546
0.3,0.12,60,3,"ordinal",1000,0.145226969084509,0.121880604368754,0.0252269690845086,0.0643614864196656,0.0018806043687539,0.0591684218094451,0.948,1000,0,"Ordinal",0.935125028353679,0.0128749716463211
0.3,0.15,60,3,"ordinal",1000,0.177392452907559,0.15398842276493,0.0273924529075591,0.0710773247204551,0.00398842276493043,0.0656397523468515,0.982,1000,0,"Ordinal",0.976897012823606,0.00510298717639446
0.3,0.18,60,3,"ordinal",1000,0.204200183253303,0.180692639140483,0.0242001832533028,0.0725595836010402,0.000692639140482571,0.0683409082781865,0.989,1000,0,"Ordinal",0.99077031968056,0.00177031968055952
0.3,0.21,60,3,"ordinal",1000,0.240926160989243,0.217232290395677,0.0309261609892432,0.0796999519550317,0.00723229039567654,0.0736869586724712,0.998,1000,0,"Ordinal",0.997548964729042,0.000451035270958022
0.3,0.24,60,3,"ordinal",1000,0.271854965529567,0.248072841481759,0.0318549655295667,0.0835616104858125,0.00807284148175893,0.0774851267929192,1,1000,0,"Ordinal",0.999240848228794,0.000759151771205779
0.3,0.27,60,3,"ordinal",1000,0.300948725475494,0.276946390166519,0.0309487254754943,0.0875476533032222,0.00694639016651897,0.0820093981216862,1,1000,0,"Ordinal",0.999755884427583,0.000244115572416881
0.3,0.3,60,3,"ordinal",1000,0.333139108200749,0.308967013790227,0.0331391082007489,0.0883748438258437,0.00896701379022717,0.0822390392624336,1,1000,0,"Ordinal",0.999933123837732,6.68761622680814e-05
0.3,0.03,90,3,"ordinal",1000,0.0451387733092798,0.0298004516614955,0.0151387733092798,0.0301249634741159,-0.000199548338504545,0.0260436861406766,0.523,1000,0,"Ordinal",0.510048679424806,0.0129513205751935
0.3,0.06,90,3,"ordinal",1000,0.076128884373375,0.0607683275768468,0.016128884373375,0.0396923239020995,0.000768327576846769,0.0362603937955846,0.84,1000,0,"Ordinal",0.840791051513021,0.00079105151302139
0.3,0.09,90,3,"ordinal",1000,0.107641986148631,0.0922383270924765,0.0176419861486309,0.0477808476905031,0.00223832709247649,0.0444389940311606,0.959,1000,0,"Ordinal",0.961400797604708,0.00240079760470835
0.3,0.12,90,3,"ordinal",1000,0.136273452120378,0.120819606339578,0.0162734521203779,0.0506245672173451,0.000819606339578288,0.0479138075606405,0.995,1000,0,"Ordinal",0.990943315691602,0.00405668430839823
0.3,0.15,90,3,"ordinal",1000,0.168172420776239,0.152648041596849,0.0181724207762389,0.0557066772054727,0.00264804159684859,0.0527029205721678,1,1000,0,"Ordinal",0.998422903107053,0.00157709689294727
0.3,0.18,90,3,"ordinal",1000,0.199102464836666,0.183512696072475,0.019102464836666,0.0583415827556423,0.00351269607247528,0.0551804961638509,1,1000,0,"Ordinal",0.999739018421706,0.000260981578294128
0.3,0.21,90,3,"ordinal",1000,0.228099268178182,0.212406047356383,0.0180992681781818,0.0623408271550101,0.00240604735638334,0.0596332223313001,1,1000,0,"Ordinal",0.999955023380372,4.4976619628323e-05
0.3,0.24,90,3,"ordinal",1000,0.258153021673402,0.242358257945663,0.0181530216734021,0.0618848009323134,0.00235825794566296,0.0591305198183864,1,1000,0,"Ordinal",0.999993175088806,6.82491119441409e-06
0.3,0.27,90,3,"ordinal",1000,0.291639642637071,0.275751733972415,0.0216396426370709,0.0666411402877895,0.00575173397241528,0.063205425360658,1,1000,0,"Ordinal",0.999999217416074,7.82583926439706e-07
0.3,0.3,90,3,"ordinal",1000,0.320584247272401,0.304552694947336,0.0205842472724015,0.0686337975189771,0.00455269494733614,0.0654843733371045,1,1000,0,"Ordinal",0.999999884578691,1.15421308732877e-07
0.3,0.03,120,3,"ordinal",1000,0.0420242069968809,0.0305513277075134,0.0120242069968809,0.0257759020049221,0.000551327707513428,0.0228066274442775,0.639,1000,0,"Ordinal",0.657469539931589,0.018469539931589
0.3,0.06,120,3,"ordinal",1000,0.0727626786243336,0.0612665159060919,0.0127626786243336,0.0336796952290796,0.00126651590609189,0.031187138309377,0.937,1000,0,"Ordinal",0.936415965081861,0.000584034918139076
0.3,0.09,120,3,"ordinal",1000,0.102337878193779,0.0908218735692542,0.012337878193779,0.0380290887276133,0.00082187356925423,0.035977043979484,0.987,1000,0,"Ordinal",0.991074740604277,0.00407474060427704
0.3,0.12,120,3,"ordinal",1000,0.132468638746922,0.120919057967358,0.0124686387469219,0.0419286892080111,0.00091905796735772,0.0400266574604113,0.999,1000,0,"Ordinal",0.99903449610752,3.44961075202654e-05
0.3,0.15,120,3,"ordinal",1000,0.164170040351225,0.152565138667964,0.0141700403512245,0.0482442263704645,0.00256513866796413,0.0461575658930491,1,1000,0,"Ordinal",0.999921754357028,7.82456429719858e-05
0.3,0.18,120,3,"ordinal",1000,0.193387078490538,0.181735330645915,0.0133870784905384,0.0502244855748718,0.00173533064591516,0.0484043445781924,1,1000,0,"Ordinal",0.999993155660266,6.84433973408005e-06
0.3,0.21,120,3,"ordinal",1000,0.226127468012929,0.214383991651938,0.0161274680129289,0.0535432088465245,0.00438399165193843,0.0512074656786239,1,1000,0,"Ordinal",0.999999598040289,4.01959711071598e-07
0.3,0.24,120,3,"ordinal",1000,0.254747279516728,0.242951567078725,0.0147472795167282,0.0529835424391781,0.00295156707872544,0.0509248434739641,1,1000,0,"Ordinal",0.999999968836225,3.11637745609161e-08
0.3,0.27,120,3,"ordinal",1000,0.28445624386723,0.272578015021087,0.0144562438672302,0.0563713744891655,0.00257801502108748,0.0544726629868556,1,1000,0,"Ordinal",0.999999997937245,2.06275452274696e-09
0.3,0.3,120,3,"ordinal",1000,0.315361996957943,0.303394221897217,0.015361996957943,0.0544199550413124,0.00339422189721751,0.0522505874667941,1,1000,0,"Ordinal",0.999999999884547,1.154534245984e-10
0.3,0.03,30,5,"ordinal",1000,0.124731355348753,0.0463188323499345,0.0947313553487534,0.120751459833171,0.0163188323499345,0.0766070998236927,0.228,1000,0,"Ordinal",0.225943379512237,0.00205662048776337
0.3,0.06,30,5,"ordinal",1000,0.152962152208764,0.0745251189514938,0.0929621522087637,0.124535446295683,0.0145251189514938,0.0839997766849179,0.338,1000,0,"Ordinal",0.356468081389359,0.0184680813893587
0.3,0.09,30,5,"ordinal",1000,0.185184814350867,0.106498138266928,0.0951848143508674,0.134731915410527,0.0164981382669277,0.096469647357557,0.486486486486487,999,1,"Ordinal",0.50189544789795,0.0154089614114638
0.3,0.12,30,5,"ordinal",1000,0.218957937975781,0.139726502783465,0.098957937975781,0.143173117792441,0.0197265027834651,0.10514855839041,0.623246492985972,998,2,"Ordinal",0.635361638543545,0.0121151455575734
0.3,0.15,30,5,"ordinal",1000,0.246739008703088,0.167377773332255,0.0967390087030881,0.15025217283471,0.017377773332255,0.116077192602296,0.697,1000,0,"Ordinal",0.727275375764881,0.0302753757648814
0.3,0.18,30,5,"ordinal",1000,0.281870244169183,0.202148637187447,0.101870244169183,0.151451358996175,0.0221486371874468,0.113630285142746,0.831325301204819,996,4,"Ordinal",0.817186923024603,0.0141383781802166
0.3,0.21,30,5,"ordinal",1000,0.308828064146193,0.228348583693148,0.0988280641461934,0.153983333608332,0.018348583693148,0.118858872175689,0.875502008032129,996,4,"Ordinal",0.867796940658391,0.00770506737373755
0.3,0.24,30,5,"ordinal",1000,0.347297874922259,0.266380007031234,0.10729787492226,0.16425158317714,0.0263800070312342,0.126227034641854,0.926262626262626,990,10,"Ordinal",0.919909451024791,0.00635317523783541
0.3,0.27,30,5,"ordinal",1000,0.372974514113377,0.291673596007714,0.102974514113377,0.164021612996094,0.0216735960077142,0.128788303242322,0.956256358087487,983,17,"Ordinal",0.943641344217839,0.0126150138696479
0.3,0.3,30,5,"ordinal",1000,0.403664844620581,0.321835139456132,0.103664844620581,0.164843341269578,0.0218351394561322,0.129123830761995,0.971074380165289,968,32,"Ordinal",0.963560627871449,0.00751375229384044
0.3,0.03,60,5,"ordinal",1000,0.0722422959697328,0.0336931812636627,0.0422422959697328,0.0577611189663517,0.00369318126366268,0.0395702496027903,0.317,1000,0,"Ordinal",0.323052453513873,0.00605245351387301
0.3,0.06,60,5,"ordinal",1000,0.102586772404677,0.0639911966361687,0.0425867724046774,0.0630981123354544,0.00399119663616874,0.0467332839742926,0.589,1000,0,"Ordinal",0.590865384720879,0.0018653847208786
0.3,0.09,60,5,"ordinal",1000,0.133061454790823,0.0943502998502776,0.0430614547908229,0.0710139537310174,0.00435029985027756,0.0566265841530624,0.799,1000,0,"Ordinal",0.785681977635841,0.0133180223641594
0.3,0.12,60,5,"ordinal",1000,0.16160576179775,0.122780911027256,0.0416057617977501,0.0759613829125924,0.00278091102725603,0.0635358323312041,0.889,1000,0,"Ordinal",0.894176775068823,0.00517677506882286
0.3,0.15,60,5,"ordinal",1000,0.195233034106923,0.156239014391828,0.0452330341069231,0.0814197588838749,0.00623901439182816,0.0678151904093271,0.965,1000,0,"Ordinal",0.958203016000665,0.00679698399933537
0.3,0.18,60,5,"ordinal",1000,0.226903969041217,0.187691767036884,0.0469039690412169,0.0871012537263405,0.00769176703688368,0.0736357516425497,0.99,1000,0,"Ordinal",0.983870696834374,0.0061293031656261
0.3,0.21,60,5,"ordinal",1000,0.25616056324117,0.216751486913246,0.0461605632411699,0.0892332421579044,0.00675148691324644,0.0764070373870558,0.999,1000,0,"Ordinal",0.993675162038072,0.00532483796192806
0.3,0.24,60,5,"ordinal",1000,0.288779450629928,0.249008042356607,0.0487794506299278,0.0953986367722269,0.00900804235660698,0.0821486010912383,0.999,1000,0,"Ordinal",0.997879808844323,0.00112019115567652
0.3,0.27,60,5,"ordinal",1000,0.322882988681538,0.282744727012997,0.0528829886815375,0.0982051671520508,0.0127447270129973,0.08338797866392,1,1000,0,"Ordinal",0.999358340740192,0.00064165925980797
0.3,0.3,60,5,"ordinal",1000,0.35517996839051,0.314862377199118,0.0551799683905096,0.104638255466906,0.0148623771991176,0.0897335634336412,1,1000,0,"Ordinal",0.999802976467853,0.000197023532146678
0.3,0.03,90,5,"ordinal",1000,0.0559877641589353,0.030444686378614,0.0259877641589353,0.0392876663445814,0.000444686378613997,0.0294560541092957,0.423,1000,0,"Ordinal",0.434290173385158,0.0112901733851582
0.3,0.06,90,5,"ordinal",1000,0.0879342319350066,0.0623207671960686,0.0279342319350066,0.0480726869135803,0.00232076719606861,0.0391768505919655,0.771,1000,0,"Ordinal",0.781315927680984,0.0103159276809838
0.3,0.09,90,5,"ordinal",1000,0.118780447790844,0.0931165504098958,0.028780447790844,0.0533001147182723,0.00311655040989578,0.0449477113109052,0.935,1000,0,"Ordinal",0.933001883044922,0.00199811695507845
0.3,0.12,90,5,"ordinal",1000,0.152728810208615,0.126974218278714,0.0327288102086147,0.0630871874640747,0.00697421827871406,0.0543287466128741,0.986,1000,0,"Ordinal",0.985215118155242,0.000784881844758223
0.3,0.15,90,5,"ordinal",1000,0.177337422877389,0.151490851580208,0.0273374228773887,0.05880702049398,0.00149085158020772,0.0519972659296341,0.999,1000,0,"Ordinal",0.995540537065058,0.00345946293494226
0.3,0.18,90,5,"ordinal",1000,0.207457128107735,0.181457786937657,0.0274571281077348,0.0617434497513585,0.001457786937657,0.0552197664231205,1,1000,0,"Ordinal",0.999062363067343,0.000937636932656694
0.3,0.21,90,5,"ordinal",1000,0.240786644801428,0.214648516003191,0.0307866448014281,0.0687577104832531,0.00464851600319138,0.0615220472222727,1,1000,0,"Ordinal",0.999849071719401,0.000150928280598817
0.3,0.24,90,5,"ordinal",1000,0.2695803682201,0.243283399854362,0.0295803682200995,0.0683917104018098,0.00328339985436227,0.0616149699691094,1,1000,0,"Ordinal",0.999970886443047,2.91135569530088e-05
0.3,0.27,90,5,"ordinal",1000,0.298775349504566,0.272274834540149,0.0287753495045659,0.0708259457181079,0.00227483454014915,0.0645295115635724,1,1000,0,"Ordinal",0.999994797191954,5.20280804627848e-06
0.3,0.3,90,5,"ordinal",1000,0.33018409118167,0.303470670695981,0.0301840911816705,0.0714979015566788,0.00347067069598068,0.0647013711990994,1,1000,0,"Ordinal",0.999999227547825,7.7245217544597e-07
0.3,0.03,120,5,"ordinal",1000,0.0500559532322679,0.0309266498559667,0.0200559532322679,0.0321309899404487,0.00092664985596667,0.0251047752540371,0.554,1000,0,"Ordinal",0.573902735870248,0.0199027358702484
0.3,0.06,120,5,"ordinal",1000,0.0812852693075098,0.0621396236970707,0.0212852693075098,0.0382975041783583,0.00213962369707074,0.03190266631653,0.911,1000,0,"Ordinal",0.898273667784765,0.0127263322152353
0.3,0.09,120,5,"ordinal",1000,0.112780524291784,0.0935707075161777,0.0227805242917839,0.0445738694184675,0.00357070751617769,0.0384483715262907,0.982,1000,0,"Ordinal",0.983590270353561,0.00159027035356063
0.3,0.12,120,5,"ordinal",1000,0.141729599440622,0.122469592916772,0.0217295994406218,0.0477250467385945,0.00246959291677172,0.0425365518360252,0.999,1000,0,"Ordinal",0.997559475134152,0.00144052486584778
0.3,0.15,120,5,"ordinal",1000,0.173130277250037,0.153788014466498,0.0231302772500375,0.0525040616419362,0.00378801446649803,0.0472499163352239,0.999,1000,0,"Ordinal",0.999741583392171,0.000741583392170675
0.3,0.18,120,5,"ordinal",1000,0.202228098823548,0.182776297328472,0.0222280988235475,0.0513996385267759,0.00277629732847158,0.0463644275391366,1,1000,0,"Ordinal",0.999971590125995,2.84098740050975e-05
0.3,0.21,120,5,"ordinal",1000,0.232049332281416,0.212502238711566,0.0220493322814161,0.0550852700383355,0.00250223871156612,0.050460416864513,1,1000,0,"Ordinal",0.999997338360598,2.66163940232378e-06
0.3,0.24,120,5,"ordinal",1000,0.264832871509256,0.245151286595905,0.0248328715092562,0.063052839696049,0.00515128659590509,0.0580752729796908,1,1000,0,"Ordinal",0.99999982120109,1.78798910344113e-07
0.3,0.27,120,5,"ordinal",1000,0.292769351471716,0.272957082415629,0.0227693514717162,0.058561554629961,0.0029570824156292,0.0539301032261407,1,1000,0,"Ordinal",0.999999983275285,1.67247149462924e-08
0.3,0.3,120,5,"ordinal",1000,0.323418609929045,0.303474101479117,0.023418609929045,0.0602014854485225,0.00347410147911723,0.0554355858555355,1,1000,0,"Ordinal",0.999999998834279,1.16572129726933e-09
